{"cameraMode":{"drawMode":0,"name":"Shaded","section":"Shading Mode"},"sceneLighting":false,"audioPlay":false,"sceneViewState":{"m_AlwaysRefresh":false,"showFog":true,"showSkybox":false,"showFlares":true,"showImageEffects":true,"showParticleSystems":true,"showVisualEffectGraphs":true,"m_FxEnabled":true},"in2DMode":false,"pivot":{"x":-1.7999999523162842,"y":4.799999713897705,"z":-1.4901161193847657e-8},"rotation":{"x":-0.22414085268974305,"y":0.06015358492732048,"z":-0.014008499681949616,"w":-0.9726470708847046},"size":0.7132228016853333,"orthographic":true}