{"cameraMode":{"drawMode":0,"name":"Shaded","section":"Shading Mode"},"sceneLighting":true,"audioPlay":false,"sceneViewState":{"m_AlwaysRefresh":false,"showFog":true,"showSkybox":true,"showFlares":true,"showImageEffects":true,"showParticleSystems":true,"showVisualEffectGraphs":true,"m_FxEnabled":true},"in2DMode":false,"pivot":{"x":-0.012546397745609284,"y":3.8662829399108888,"z":2.9424240589141847},"rotation":{"x":0.2780250608921051,"y":-0.04090685024857521,"z":0.011851361021399498,"w":0.9596298336982727},"size":20.555883407592775,"orthographic":true}