{"cameraMode":{"drawMode":0,"name":"Shaded","section":"Shading Mode"},"sceneLighting":false,"audioPlay":false,"sceneViewState":{"m_AlwaysRefresh":false,"showFog":true,"showSkybox":false,"showFlares":true,"showImageEffects":true,"showParticleSystems":true,"showVisualEffectGraphs":true,"m_FxEnabled":true},"in2DMode":false,"pivot":{"x":-7.199999809265137,"y":19.19999885559082,"z":-5.960464477539063e-8},"rotation":{"x":-0.22414085268974305,"y":0.06015358492732048,"z":-0.014008499681949616,"w":-0.9726470708847046},"size":2.1077747344970705,"orthographic":true}