{"cameraMode":{"drawMode":0,"name":"Shaded","section":"Shading Mode"},"sceneLighting":false,"audioPlay":false,"sceneViewState":{"m_AlwaysRefresh":false,"showFog":true,"showSkybox":false,"showFlares":true,"showImageEffects":true,"showParticleSystems":true,"showVisualEffectGraphs":true,"m_FxEnabled":true},"in2DMode":false,"pivot":{"x":-4.799999713897705,"y":1.7999992370605469,"z":-0.10657817125320435},"rotation":{"x":-0.22414085268974305,"y":0.06015358492732048,"z":-0.014008499681949616,"w":-0.9726470708847046},"size":0.7341140508651733,"orthographic":true}