{"cameraMode":{"drawMode":0,"name":"Shaded","section":"Shading Mode"},"sceneLighting":false,"audioPlay":false,"sceneViewState":{"m_AlwaysRefresh":false,"showFog":true,"showSkybox":false,"showFlares":true,"showImageEffects":true,"showParticleSystems":true,"showVisualEffectGraphs":true,"m_FxEnabled":true},"in2DMode":false,"pivot":{"x":-10.200870513916016,"y":0.5999999642372131,"z":1.4901161193847657e-8},"rotation":{"x":-0.22414085268974305,"y":0.06015358492732048,"z":-0.014008499681949616,"w":-0.9726470708847046},"size":0.7536952495574951,"orthographic":true}